Allard,Roger,134
Amiel,Clementine,175
Amiot,Candice,172
Antunes,Thierry,131
Arnaud,Chloe,129
Auclair,Andre,90
Bachelet,Loane,94
Bachelier,Rose,110
Baudin,Gerard,111
Baudry,Anna,160
Bellanger,Benoit,107
Belot,Adrien,175
Beranger,Emilie,139
Bianchi,Lana,168
Bisson,Olivier,105
Blanchard,Jean-Pierre,102
Blandin,Alexandre,91
Boquet,Benoit,96
Boucher,Maelys,118
Carles,Marie,159
Chabaud,Sofia,179
Chabot,Amelie,183
Cochard,Clementine,104
Collomb,Frederic,113
Cottin,Kevin,113
Dacosta,Amelie,134
Delacroix,Jerome,186
Delage,Clement,93
Delage,Elise,90
Delpech,Joel,160
Delporte,Anaelle,139
Denys,Andre,102
Deschamps,Lilou,145
Dieu,Fabien,101
Duc,Georges,147
Duchesne,Marion,187
Dupas,Chloe,187
Feron,Jean-Marie,150
Fevre,Maxime,173
Fonteneau,Alice,153
Francois,Sara,110
Gallot,Henri,189
Garin,Maeva,149
Germain,Yannick,160
Girardot,Yasmine,174
Godefroy,Dominique,133
Goupil,Denis,110
Guillemot,Chloe,136
Guinet,Ninon,144
Guth,Anthony,108
Guyot,Yves,178
Hebert,Jean-Francois,148
Herve,Solene,114
Huynh,Rene,141
Jacq,Jean-Francois,99
Jeanne,Agathe,159
Labat,Sylvain,166
Lafond,Jonathan,176
Langlais,Jonathan,128
Larue,Alexis,112
Laugier,Jean-Claude,155
Lecerf,Lana,142
Leclere,Marie,109
Lecoeur,Lucie,173
Lecuyer,Joseph,172
Legros,Nicolas,130
Lemoine,Laura,160
Leonard,Maurice,125
Lesueur,Jean-Marie,126
Levy,Emilie,181
Luc,Jean-Francois,158
Magne,Laurine,114
Magne,Margot,112
Maire,Rene,146
Marque,Lena,125
Mattei,Patrick,118
Mazoyer,Sara,126
Messager,Francis,123
Milon,Alexia,143
Minier,Clementine,161
Mo,Laurine,159
Monin,Guy,185
Motte,Ines,147
Mounier,Georges,182
Nivet,Anna,114
Ortiz,Maeva,136
Page,Xavier,168
Paillard,Claire,123
Paulin,Chloe,178
Perrault,Marion,179
Pichard,Olivia,185
Piot,Lily,148
Piquet,Justine,183
Polo,Anthony,91
Pommier,Alexia,146
Pottier,Maeva,103
Prudhomme,Chloe,119
Rabier,Lucie,103
Ranc,David,90
Raymond,Lionel,107
Rieu,Olivier,176
Rigaud,Julie,161
Roques,Sarah,114
Rouxel,Elisa,138
Rouxel,Roger,126
Rouyer,Myriam,101
Roy,Amelie,161
Salles,Jean-Paul,122
Salles,Lionel,155
Sanz,Lou,139
Simonet,Clemence,121
Soulie,Dominique,140
Thiebaut,Denis,159
Thomassin,Olivier,148
Torres,Albert,102
Vernay,Jean-Pierre,173
Veron,Jerome,91
Viaud,Joel,186
Vidal,Benjamin,99
Vigier,Amelie,151
